[{"model": "auth.permission", "pk": 1, "fields": {"name": "Can add log entry", "content_type": 1, "codename": "add_logentry"}}, {"model": "auth.permission", "pk": 2, "fields": {"name": "Can change log entry", "content_type": 1, "codename": "change_logentry"}}, {"model": "auth.permission", "pk": 3, "fields": {"name": "Can delete log entry", "content_type": 1, "codename": "delete_logentry"}}, {"model": "auth.permission", "pk": 4, "fields": {"name": "Can view log entry", "content_type": 1, "codename": "view_logentry"}}, {"model": "auth.permission", "pk": 5, "fields": {"name": "Can add permission", "content_type": 2, "codename": "add_permission"}}, {"model": "auth.permission", "pk": 6, "fields": {"name": "Can change permission", "content_type": 2, "codename": "change_permission"}}, {"model": "auth.permission", "pk": 7, "fields": {"name": "Can delete permission", "content_type": 2, "codename": "delete_permission"}}, {"model": "auth.permission", "pk": 8, "fields": {"name": "Can view permission", "content_type": 2, "codename": "view_permission"}}, {"model": "auth.permission", "pk": 9, "fields": {"name": "Can add group", "content_type": 3, "codename": "add_group"}}, {"model": "auth.permission", "pk": 10, "fields": {"name": "Can change group", "content_type": 3, "codename": "change_group"}}, {"model": "auth.permission", "pk": 11, "fields": {"name": "Can delete group", "content_type": 3, "codename": "delete_group"}}, {"model": "auth.permission", "pk": 12, "fields": {"name": "Can view group", "content_type": 3, "codename": "view_group"}}, {"model": "auth.permission", "pk": 13, "fields": {"name": "Can add content type", "content_type": 4, "codename": "add_contenttype"}}, {"model": "auth.permission", "pk": 14, "fields": {"name": "Can change content type", "content_type": 4, "codename": "change_contenttype"}}, {"model": "auth.permission", "pk": 15, "fields": {"name": "Can delete content type", "content_type": 4, "codename": "delete_contenttype"}}, {"model": "auth.permission", "pk": 16, "fields": {"name": "Can view content type", "content_type": 4, "codename": "view_contenttype"}}, {"model": "auth.permission", "pk": 17, "fields": {"name": "Can add session", "content_type": 5, "codename": "add_session"}}, {"model": "auth.permission", "pk": 18, "fields": {"name": "Can change session", "content_type": 5, "codename": "change_session"}}, {"model": "auth.permission", "pk": 19, "fields": {"name": "Can delete session", "content_type": 5, "codename": "delete_session"}}, {"model": "auth.permission", "pk": 20, "fields": {"name": "Can view session", "content_type": 5, "codename": "view_session"}}, {"model": "auth.permission", "pk": 21, "fields": {"name": "Can add product category", "content_type": 6, "codename": "add_productcategory"}}, {"model": "auth.permission", "pk": 22, "fields": {"name": "Can change product category", "content_type": 6, "codename": "change_productcategory"}}, {"model": "auth.permission", "pk": 23, "fields": {"name": "Can delete product category", "content_type": 6, "codename": "delete_productcategory"}}, {"model": "auth.permission", "pk": 24, "fields": {"name": "Can view product category", "content_type": 6, "codename": "view_productcategory"}}, {"model": "auth.permission", "pk": 25, "fields": {"name": "Can add product", "content_type": 7, "codename": "add_product"}}, {"model": "auth.permission", "pk": 26, "fields": {"name": "Can change product", "content_type": 7, "codename": "change_product"}}, {"model": "auth.permission", "pk": 27, "fields": {"name": "Can delete product", "content_type": 7, "codename": "delete_product"}}, {"model": "auth.permission", "pk": 28, "fields": {"name": "Can view product", "content_type": 7, "codename": "view_product"}}, {"model": "auth.permission", "pk": 29, "fields": {"name": "Can add user", "content_type": 8, "codename": "add_user"}}, {"model": "auth.permission", "pk": 30, "fields": {"name": "Can change user", "content_type": 8, "codename": "change_user"}}, {"model": "auth.permission", "pk": 31, "fields": {"name": "Can delete user", "content_type": 8, "codename": "delete_user"}}, {"model": "auth.permission", "pk": 32, "fields": {"name": "Can view user", "content_type": 8, "codename": "view_user"}}, {"model": "auth.permission", "pk": 33, "fields": {"name": "Can add basket", "content_type": 9, "codename": "add_basket"}}, {"model": "auth.permission", "pk": 34, "fields": {"name": "Can change basket", "content_type": 9, "codename": "change_basket"}}, {"model": "auth.permission", "pk": 35, "fields": {"name": "Can delete basket", "content_type": 9, "codename": "delete_basket"}}, {"model": "auth.permission", "pk": 36, "fields": {"name": "Can view basket", "content_type": 9, "codename": "view_basket"}}, {"model": "auth.permission", "pk": 37, "fields": {"name": "Can add association", "content_type": 10, "codename": "add_association"}}, {"model": "auth.permission", "pk": 38, "fields": {"name": "Can change association", "content_type": 10, "codename": "change_association"}}, {"model": "auth.permission", "pk": 39, "fields": {"name": "Can delete association", "content_type": 10, "codename": "delete_association"}}, {"model": "auth.permission", "pk": 40, "fields": {"name": "Can view association", "content_type": 10, "codename": "view_association"}}, {"model": "auth.permission", "pk": 41, "fields": {"name": "Can add code", "content_type": 11, "codename": "add_code"}}, {"model": "auth.permission", "pk": 42, "fields": {"name": "Can change code", "content_type": 11, "codename": "change_code"}}, {"model": "auth.permission", "pk": 43, "fields": {"name": "Can delete code", "content_type": 11, "codename": "delete_code"}}, {"model": "auth.permission", "pk": 44, "fields": {"name": "Can view code", "content_type": 11, "codename": "view_code"}}, {"model": "auth.permission", "pk": 45, "fields": {"name": "Can add nonce", "content_type": 12, "codename": "add_nonce"}}, {"model": "auth.permission", "pk": 46, "fields": {"name": "Can change nonce", "content_type": 12, "codename": "change_nonce"}}, {"model": "auth.permission", "pk": 47, "fields": {"name": "Can delete nonce", "content_type": 12, "codename": "delete_nonce"}}, {"model": "auth.permission", "pk": 48, "fields": {"name": "Can view nonce", "content_type": 12, "codename": "view_nonce"}}, {"model": "auth.permission", "pk": 49, "fields": {"name": "Can add user social auth", "content_type": 13, "codename": "add_usersocialauth"}}, {"model": "auth.permission", "pk": 50, "fields": {"name": "Can change user social auth", "content_type": 13, "codename": "change_usersocialauth"}}, {"model": "auth.permission", "pk": 51, "fields": {"name": "Can delete user social auth", "content_type": 13, "codename": "delete_usersocialauth"}}, {"model": "auth.permission", "pk": 52, "fields": {"name": "Can view user social auth", "content_type": 13, "codename": "view_usersocialauth"}}, {"model": "auth.permission", "pk": 53, "fields": {"name": "Can add partial", "content_type": 14, "codename": "add_partial"}}, {"model": "auth.permission", "pk": 54, "fields": {"name": "Can change partial", "content_type": 14, "codename": "change_partial"}}, {"model": "auth.permission", "pk": 55, "fields": {"name": "Can delete partial", "content_type": 14, "codename": "delete_partial"}}, {"model": "auth.permission", "pk": 56, "fields": {"name": "Can view partial", "content_type": 14, "codename": "view_partial"}}, {"model": "auth.permission", "pk": 57, "fields": {"name": "Can add shop user profile", "content_type": 15, "codename": "add_shopuserprofile"}}, {"model": "auth.permission", "pk": 58, "fields": {"name": "Can change shop user profile", "content_type": 15, "codename": "change_shopuserprofile"}}, {"model": "auth.permission", "pk": 59, "fields": {"name": "Can delete shop user profile", "content_type": 15, "codename": "delete_shopuserprofile"}}, {"model": "auth.permission", "pk": 60, "fields": {"name": "Can view shop user profile", "content_type": 15, "codename": "view_shopuserprofile"}}, {"model": "auth.permission", "pk": 61, "fields": {"name": "Can add заказ", "content_type": 16, "codename": "add_order"}}, {"model": "auth.permission", "pk": 62, "fields": {"name": "Can change заказ", "content_type": 16, "codename": "change_order"}}, {"model": "auth.permission", "pk": 63, "fields": {"name": "Can delete заказ", "content_type": 16, "codename": "delete_order"}}, {"model": "auth.permission", "pk": 64, "fields": {"name": "Can view заказ", "content_type": 16, "codename": "view_order"}}, {"model": "auth.permission", "pk": 65, "fields": {"name": "Can add order item", "content_type": 17, "codename": "add_orderitem"}}, {"model": "auth.permission", "pk": 66, "fields": {"name": "Can change order item", "content_type": 17, "codename": "change_orderitem"}}, {"model": "auth.permission", "pk": 67, "fields": {"name": "Can delete order item", "content_type": 17, "codename": "delete_orderitem"}}, {"model": "auth.permission", "pk": 68, "fields": {"name": "Can view order item", "content_type": 17, "codename": "view_orderitem"}}, {"model": "sessions.session", "pk": "1zcuuuf1bfwjsff6eg2t447o1x1etchy", "fields": {"session_data": ".eJxVjEEOwiAQRe_C2hAKdKAu3fcMzTADUjWQlHZlvLsh6UK3_73332LBY8_L0eK2rCyuwovL7xaQnrF0wA8s9yqpln1bg-yKPGmTc-X4up3u30HGlns9MtkEpJN3xhGAN6CmoIaBiRGdZW10UlYZpgFGi2T95OwIoHSYjBKfL-F6NxE:1nLS09:KT9jNO7eqU3NeqBHY3dnR3Z3cJ0z-zK2wxIpYN5dTSc", "expire_date": "2022-03-05T15:50:25.559Z"}}, {"model": "sessions.session", "pk": "6kssqihfscfebcejqdhxqjv0v5h1effv", "fields": {"session_data": ".eJxVjDsOwjAQBe_iGlmsf9iU9JzB2vVucAA5UpxUiLtDpBTQvpl5L5VxXWpeu8x5ZHVWoA6_G2F5SNsA37HdJl2mtswj6U3RO-36OrE8L7v7d1Cx128dOUYKKBJIkNmV5GDgwWAgc7TeSAIGG09EyXkKEblYcGALeARfonp_AAvoOFk:1nT4wZ:MKVvzG_WrgfTTDQD0ujecgNmltuv8PBTA4w7O0AGm4E", "expire_date": "2022-03-26T16:50:15.944Z"}}, {"model": "sessions.session", "pk": "a7ix71v0rjgcryfef9ie8q0gm76z7tlh", "fields": {"session_data": ".eJxVjDsOwjAQBe_iGlmsf9iU9JzB2vVucAA5UpxUiLtDpBTQvpl5L5VxXWpeu8x5ZHVWoA6_G2F5SNsA37HdJl2mtswj6U3RO-36OrE8L7v7d1Cx128dOUYKKBJIkNmV5GDgwWAgc7TeSAIGG09EyXkKEblYcGALeARfonp_AAvoOFk:1nTqC9:gPqOH1EXODgo3_JhZTiQDvRDqErcD7EwGBRZljmsIBc", "expire_date": "2022-03-28T19:17:29.039Z"}}, {"model": "sessions.session", "pk": "b4uzqgf2vxdw44iz61vzq2khqq4nw8ko", "fields": {"session_data": ".eJxVjDsOwjAQBe_iGlmsf9iU9JzB2vVucAA5UpxUiLtDpBTQvpl5L5VxXWpeu8x5ZHVWoA6_G2F5SNsA37HdJl2mtswj6U3RO-36OrE8L7v7d1Cx128dOUYKKBJIkNmV5GDgwWAgc7TeSAIGG09EyXkKEblYcGALeARfonp_AAvoOFk:1nTSxZ:vJeivOKby21V_EUfNpk6xFqw9trv_0r1NDexJcm8ja0", "expire_date": "2022-03-27T18:28:53.816Z"}}, {"model": "sessions.session", "pk": "fidtrxynk3ji203nm1m4rq7wgqqc5dxv", "fields": {"session_data": "eyJuZXh0IjoiLyIsInZrLW9hdXRoMl9zdGF0ZSI6IjVBV2FEeldmMnhLYXZadE9iS0tYZVlsWTNGc3o3UDQwIn0:1nMBE0:EcEef7UYWgV0Fv0v2itmrIBDvkMag7rdVnzmgbI9vZw", "expire_date": "2022-03-07T16:07:44.498Z"}}, {"model": "sessions.session", "pk": "hilferqt0lkpixos7lxv0kbf36jvw09e", "fields": {"session_data": "eyJuZXh0IjoiLyIsInZrLW9hdXRoMl9zdGF0ZSI6IkhrT05HbUF0dzZVM2luSDVWWUhPd0o3NWFqVUh2OVMxIn0:1nMAm4:lXYDMpzgBJdi7U9jnchMg7yWTA1woMmVH58p6YxvZo4", "expire_date": "2022-03-07T15:38:52.014Z"}}, {"model": "sessions.session", "pk": "hmmmo6lihie0xnlv0b7vj9ok2x4tgxqm", "fields": {"session_data": ".eJxVjDsOwjAQBe_iGlmsf9iU9JzB2vVucAA5UpxUiLtDpBTQvpl5L5VxXWpeu8x5ZHVWoA6_G2F5SNsA37HdJl2mtswj6U3RO-36OrE8L7v7d1Cx128dOUYKKBJIkNmV5GDgwWAgc7TeSAIGG09EyXkKEblYcGALeARfonp_AAvoOFk:1n93ha:SE9LKpHBF7m7Ydb0bJHoUXQwL7sT6ugO9FZ5AVJU_q4", "expire_date": "2022-01-30T11:28:02.736Z"}}, {"model": "sessions.session", "pk": "hqadml3l5fnnmmbwh1dsfd8pxf5veko4", "fields": {"session_data": ".eJxVjDsOwjAQBe_iGlmsf9iU9JzB2vVucAA5UpxUiLtDpBTQvpl5L5VxXWpeu8x5ZHVWoA6_G2F5SNsA37HdJl2mtswj6U3RO-36OrE8L7v7d1Cx128dOUYKKBJIkNmV5GDgwWAgc7TeSAIGG09EyXkKEblYcGALeARfonp_AAvoOFk:1nMBAi:4hEXwTloyS5087PqH6Y1tm8fQ1iJqR3Ewa2LAwQ7NZc", "expire_date": "2022-03-07T16:04:20.672Z"}}, {"model": "sessions.session", "pk": "j60yh0ovzr4b69xnerw7i2g1hwtg4npe", "fields": {"session_data": ".eJxVjDsOwjAQBe_iGlmsf9iU9JzB2vVucAA5UpxUiLtDpBTQvpl5L5VxXWpeu8x5ZHVWoA6_G2F5SNsA37HdJl2mtswj6U3RO-36OrE8L7v7d1Cx128dOUYKKBJIkNmV5GDgwWAgc7TeSAIGG09EyXkKEblYcGALeARfonp_AAvoOFk:1nMv5k:rCgW35H8GdgYxsrsqJ27o_LoounRMUxQxdApu3hNLck", "expire_date": "2022-03-09T17:06:16.455Z"}}, {"model": "sessions.session", "pk": "kd26n1vpif6n4shh74h81scdnjca0dsw", "fields": {"session_data": ".eJxVjDsOwjAQBe_iGlmsf9iU9JzB2vVucAA5UpxUiLtDpBTQvpl5L5VxXWpeu8x5ZHVWoA6_G2F5SNsA37HdJl2mtswj6U3RO-36OrE8L7v7d1Cx128dOUYKKBJIkNmV5GDgwWAgc7TeSAIGG09EyXkKEblYcGALeARfonp_AAvoOFk:1nMtXf:KAWPlD4X8ZHKzGQeNj3jTJ6u5f_84TcQIWSc0s6LJqw", "expire_date": "2022-03-09T15:26:59.439Z"}}, {"model": "sessions.session", "pk": "rcg8zvi0xxs9zdhfdr6opiweq6trh6vz", "fields": {"session_data": ".eJxVjDsOwjAQBe_iGlmsf9iU9JzB2vVucAA5UpxUiLtDpBTQvpl5L5VxXWpeu8x5ZHVWoA6_G2F5SNsA37HdJl2mtswj6U3RO-36OrE8L7v7d1Cx128dOUYKKBJIkNmV5GDgwWAgc7TeSAIGG09EyXkKEblYcGALeARfonp_AAvoOFk:1nVa9o:VAGA5uyKy8cjWenu89CbNsqOAaJxuUccrnuRS3X7X5c", "expire_date": "2022-04-02T14:34:16.004Z"}}, {"model": "sessions.session", "pk": "sl35e4ea7wab7yw9sarddvfn20dtmuq8", "fields": {"session_data": ".eJxVjDsOwjAQBe_iGlmsf9iU9JzB2vVucAA5UpxUiLtDpBTQvpl5L5VxXWpeu8x5ZHVWoA6_G2F5SNsA37HdJl2mtswj6U3RO-36OrE8L7v7d1Cx128dOUYKKBJIkNmV5GDgwWAgc7TeSAIGG09EyXkKEblYcGALeARfonp_AAvoOFk:1nVaE1:fSndJUKPfT98BkGkl1pJbrjP8NOrEdc-P-bSKP5xShA", "expire_date": "2022-04-02T14:38:37.742Z"}}, {"model": "sessions.session", "pk": "t3nh2uq58ih3johdxy4peem8jk8ah0vd", "fields": {"session_data": ".eJxVjDsOwjAQBe_iGlmsf9iU9JzB2vVucAA5UpxUiLtDpBTQvpl5L5VxXWpeu8x5ZHVWoA6_G2F5SNsA37HdJl2mtswj6U3RO-36OrE8L7v7d1Cx128dOUYKKBJIkNmV5GDgwWAgc7TeSAIGG09EyXkKEblYcGALeARfonp_AAvoOFk:1nMuHu:OyRUfmHtVIFVMMXi3Tc17zk2Zkes0Vtezj5yK1gYghg", "expire_date": "2022-03-09T16:14:46.604Z"}}, {"model": "sessions.session", "pk": "ypip5rphsrpfuqxg2d9xk1irwk9nmwki", "fields": {"session_data": ".eJxVj8sKwjAQRf8la61jkjbVna4EheIDQTchSUdT-hKTqij-u62I6PZczr0zD1LhzZMxGZAeueT9WjXeUum88tjSRTISYOJZtPY2W66vd7TN7rY97vNyeipXm1aSnSEbh2eZpa0i_plWJseqC1xtMlVIU58x-FAXXPJgO08m3ei_Z5WzrWQE4zqGVFMTcsVglMbUAGgeCRQxUGB8yCAUash4SA8CBGqKEUOKXEeHrvSz-64ulPOyqI9Z9XPY923yfAF5BFiG:1nMBHR:iaMniUyl1EmIJJ0_GIw_wBpVnbPdl1iTIgG1nH18Exs", "expire_date": "2022-03-07T16:11:17.435Z"}}, {"model": "sessions.session", "pk": "z83v3sq3c9z46bv9r0nox9pwsn4tb4y9", "fields": {"session_data": ".eJxVj8GKwjAURf8l67HzTNImzm5UmGEsii5U3IQkfdrQTgNNFEH8d1sR0e25nHvfu5AGz5F8kU_yQU7VwOtjLKkKUUfs6ETOZf6bt35j_s7rnYPtj13mYztlO_e_yngnqd5Qx4CtckWniHdmtK2w6YPgrdO1sr7F5EFDcqqS9Wzx3Y--e6UOZSdZwbiRUBhqU64ZjApJLYDhmUAhgQLjQwap0EPGU7oXINBQzBhS5Cbb96WP3Xt1rUNUtT-45uWw59vkegOM7ldr:1nMtZr:9caovThDyuYfG7w53lbaUCy2EMN6ce0H8XctCZ_HbHM", "expire_date": "2022-03-09T15:29:15.602Z"}}, {"model": "social_django.usersocialauth", "pk": 1, "fields": {"user": 7, "provider": "vk-oauth2", "uid": "115081350", "extra_data": "{\"auth_time\": 1645635816, \"id\": 115081350, \"expires\": 86400, \"access_token\": \"4abdaa0076fdbfdc2a76298759769880cb744a38f3bf1a53dfb13e86d5b0599327d0388a4f88b22f7db42\", \"token_type\": null}", "created": "2022-02-19T14:25:55.633Z", "modified": "2022-02-23T17:03:36.466Z"}}, {"model": "mainapp.productcategory", "pk": 1, "fields": {"name": "Одежда", "description": "Новые тренды в одежде", "is_active": true}}, {"model": "mainapp.productcategory", "pk": 2, "fields": {"name": "Обувь", "description": "Обувь для спорта и повседневной жизни", "is_active": true}}, {"model": "mainapp.productcategory", "pk": 4, "fields": {"name": "Новинки", "description": "", "is_active": true}}, {"model": "mainapp.productcategory", "pk": 5, "fields": {"name": "Аксессуары", "description": "", "is_active": true}}, {"model": "mainapp.productcategory", "pk": 6, "fields": {"name": "Подарки", "description": "", "is_active": true}}, {"model": "mainapp.productcategory", "pk": 8, "fields": {"name": "Рубашки", "description": "На каждый день и выходной", "is_active": false}}, {"model": "mainapp.productcategory", "pk": 10, "fields": {"name": "Джинсы", "description": "На каждый день", "is_active": true}}, {"model": "mainapp.product", "pk": 1, "fields": {"category": 1, "name": "Худи черного цвета с монограммами adidas Originals", "image": "products_images/Adidas-hoodie.png", "short_desc": "Hoody", "description": "Мягкая ткань для свитшотов. Стиль и комфорт – это образ жизни.", "price": "6090.00", "quantity": 132, "is_active": true}}, {"model": "mainapp.product", "pk": 2, "fields": {"category": 1, "name": "Синяя куртка The North Face", "image": "products_images/Blue-jacket-The-North-Face.png", "short_desc": "Jacket", "description": "Гладкая ткань. Водонепроницаемое покрытие. Легкий и теплый пуховый наполнитель.", "price": "13450.00", "quantity": 122, "is_active": true}}, {"model": "mainapp.product", "pk": 3, "fields": {"category": 1, "name": "Коричневый спортивный oversized-топ ASOS DESIGN", "image": "products_images/Brown-sports-oversized-top-ASOS-DESIGN.png", "short_desc": "Asos", "description": "Материал с плюшевой текстурой. Удобный и мягкий.", "price": "3390.00", "quantity": 15, "is_active": true}}, {"model": "mainapp.product", "pk": 4, "fields": {"category": 5, "name": "Черный рюкзак Nike Heritage", "image": "products_images/Black-Nike-Heritage-backpack.png", "short_desc": "", "description": "Плотная ткань. Легкий материал.", "price": "2340.00", "quantity": 36, "is_active": true}}, {"model": "mainapp.product", "pk": 5, "fields": {"category": 2, "name": "Черные туфли на платформе с 3 парами люверсов Dr Martens 1461 Bex", "image": "products_images/Black-Dr-Martens-shoes.png", "short_desc": "Boots", "description": "Гладкий кожаный верх. Натуральный материал.", "price": "9850.00", "quantity": 50, "is_active": true}}, {"model": "mainapp.product", "pk": 6, "fields": {"category": 4, "name": "Темно-синие широкие строгие брюки ASOS DESIGN", "image": "products_images/Dark-blue-wide-leg-ASOs-DESIGN-trousers.png", "short_desc": "Pants", "description": "Легкая эластичная ткань сирсакер Фактурная ткань.", "price": "2760.00", "quantity": 23, "is_active": true}}, {"model": "mainapp.product", "pk": 7, "fields": {"category": 2, "name": "boots", "image": "", "short_desc": "", "description": "Fashioned boots", "price": "3005.00", "quantity": 12, "is_active": false}}, {"model": "authapp.user", "pk": 1, "fields": {"password": "pbkdf2_sha256$260000$ZcMqFfF5RTiXuwo1lA5czw$kKxSoFckC3p3wf3m/CH3761CJ9LzrGsnuGc6lb99jXI=", "last_login": "2022-03-19T14:38:37.525Z", "is_superuser": true, "username": "django", "first_name": "di", "last_name": "", "email": "django@geekshop.local", "is_staff": true, "is_active": true, "date_joined": "2022-01-14T20:26:56.598Z", "avatar": "users_avatar/shoe_1_nvCFbEV.webp", "age": 39, "activation_key": "", "activation_key_expires": "2022-02-18T18:54:52.780Z", "groups": [], "user_permissions": []}}, {"model": "authapp.user", "pk": 2, "fields": {"password": "pbkdf2_sha256$260000$BzmGTErXyMsmCsBUWL1mh6$E14Uotf1MrpxopIWrvad9Ir/m0v96eH2mFl4BOvz2os=", "last_login": null, "is_superuser": false, "username": "dim", "first_name": "dim", "last_name": "g", "email": "sds@ya.ru", "is_staff": false, "is_active": true, "date_joined": "2022-01-18T19:05:27.590Z", "avatar": "users_avatar/shoe_1.webp", "age": 18, "activation_key": "", "activation_key_expires": "2022-02-18T18:54:52.780Z", "groups": [], "user_permissions": []}}, {"model": "authapp.user", "pk": 3, "fields": {"password": "pbkdf2_sha256$260000$83LUJr9JZhmdemLgRrT9VF$0oQHhFttykr3EZI0/jxEhXM724QgdctkRjc7PaHibEA=", "last_login": null, "is_superuser": false, "username": "dim12", "first_name": "dim", "last_name": "g", "email": "ere@m.ru", "is_staff": false, "is_active": false, "date_joined": "2022-02-17T18:59:44.955Z", "avatar": "", "age": 18, "activation_key": "5403e80dfcec2069fc2a656a03b13bd51bf0b09d", "activation_key_expires": "2022-02-19T18:59:44.955Z", "groups": [], "user_permissions": []}}, {"model": "authapp.user", "pk": 4, "fields": {"password": "pbkdf2_sha256$260000$qbPE14XBuV5doDnCPhnJ4p$a6MDmWCnREusHljEkSwS/p7Kn316vL7jOloesJ2vUG8=", "last_login": "2022-02-17T19:36:11.978Z", "is_superuser": false, "username": "digi1", "first_name": "digi", "last_name": "", "email": "digi@m.ru", "is_staff": false, "is_active": true, "date_joined": "2022-02-17T19:06:48.622Z", "avatar": "", "age": 18, "activation_key": "4155628674565bde9c5f5fbcd0ce759de4a4b92b", "activation_key_expires": "2022-02-19T19:06:48.622Z", "groups": [], "user_permissions": []}}, {"model": "authapp.user", "pk": 5, "fields": {"password": "pbkdf2_sha256$260000$bRnX4hQHLGREg3LLUoPdoH$Zw6uI5v7oj0U/f8iXubPLtDp+7jdbSfuJFAXGT3GNvY=", "last_login": null, "is_superuser": false, "username": "nik", "first_name": "nik", "last_name": "77777777", "email": "nik@m.ru", "is_staff": false, "is_active": false, "date_joined": "2022-02-17T19:28:26.446Z", "avatar": "", "age": 18, "activation_key": "f37b5979fa64dfcfc11d0215ff260987c19e132e", "activation_key_expires": "2022-02-19T19:28:26.446Z", "groups": [], "user_permissions": []}}, {"model": "authapp.user", "pk": 6, "fields": {"password": "pbkdf2_sha256$260000$EgoHMjeDBRUjAAAKPdS9Me$B0qSkAuoeNhIMnQIkg4zVWTBo3NNg9sBa4vw4gpsrEk=", "last_login": null, "is_superuser": false, "username": "Mih", "first_name": "Mih", "last_name": "", "email": "Mih@ya.ru", "is_staff": false, "is_active": false, "date_joined": "2022-02-17T19:41:24.850Z", "avatar": "", "age": 18, "activation_key": "24574a4348465a02b4f9ecd31974363a9b70ff16", "activation_key_expires": "2022-02-19T19:41:24.850Z", "groups": [], "user_permissions": []}}, {"model": "authapp.user", "pk": 7, "fields": {"password": "!8TSZL2wuCJfMxpsMJ4IKP3pq7r16SwkP8ro1LKu8", "last_login": "2022-02-23T17:03:36.792Z", "is_superuser": false, "username": "gdimkai", "first_name": "Дмитрий", "last_name": "Гарифуллин", "email": "", "is_staff": false, "is_active": true, "date_joined": "2022-02-19T14:25:55.515Z", "avatar": "users_avatar/Adidas-hoodie_7PhHv2T.png", "age": 18, "activation_key": "", "activation_key_expires": "2022-02-21T14:25:55.515Z", "groups": [], "user_permissions": []}}, {"model": "authapp.user", "pk": 8, "fields": {"password": "pbkdf2_sha256$260000$8O7u6OFT2TN4lfloKP3TZ3$OpiP3qsK2k5rbWg0aW2JXyxRAof10Tazf+7bLGeCv4c=", "last_login": "2022-02-19T15:56:18.068Z", "is_superuser": false, "username": "fal", "first_name": "falik", "last_name": "relog", "email": "fal@ya.ru", "is_staff": false, "is_active": true, "date_joined": "2022-02-19T14:31:21.480Z", "avatar": "users_avatar/Adidas-hoodie_iIRx1B5.png", "age": 21, "activation_key": "638ba7f89aea9f24806fd4ece8857330fda0814b", "activation_key_expires": "2022-02-21T14:31:21.480Z", "groups": [], "user_permissions": []}}, {"model": "authapp.shopuserprofile", "pk": 1, "fields": {"user": 1, "tagline": "", "aboutMe": "z ltcm", "gender": "M"}}, {"model": "authapp.shopuserprofile", "pk": 2, "fields": {"user": 2, "tagline": "", "aboutMe": "", "gender": ""}}, {"model": "authapp.shopuserprofile", "pk": 3, "fields": {"user": 3, "tagline": "", "aboutMe": "", "gender": ""}}, {"model": "authapp.shopuserprofile", "pk": 4, "fields": {"user": 4, "tagline": "", "aboutMe": "", "gender": ""}}, {"model": "authapp.shopuserprofile", "pk": 5, "fields": {"user": 5, "tagline": "", "aboutMe": "", "gender": ""}}, {"model": "authapp.shopuserprofile", "pk": 6, "fields": {"user": 6, "tagline": "", "aboutMe": "", "gender": ""}}, {"model": "authapp.shopuserprofile", "pk": 7, "fields": {"user": 7, "tagline": "", "aboutMe": "человек относящийся с теплом к окружающему миру", "gender": "M"}}, {"model": "authapp.shopuserprofile", "pk": 8, "fields": {"user": 8, "tagline": "#tagme #folowtheleader", "aboutMe": "cool guy yeah hua", "gender": "M"}}, {"model": "basketapp.basket", "pk": 9, "fields": {"user": 4, "product": 1, "quantity": 1, "create_timestamp": "2022-02-17T19:33:59.820Z", "update_timestamp": "2022-02-17T19:33:59.820Z"}}, {"model": "basketapp.basket", "pk": 10, "fields": {"user": 7, "product": 2, "quantity": 1, "create_timestamp": "2022-02-19T14:26:23.004Z", "update_timestamp": "2022-02-22T19:51:03.409Z"}}, {"model": "basketapp.basket", "pk": 11, "fields": {"user": 8, "product": 1, "quantity": 1, "create_timestamp": "2022-02-21T15:33:53.540Z", "update_timestamp": "2022-02-21T15:33:53.540Z"}}, {"model": "basketapp.basket", "pk": 12, "fields": {"user": 8, "product": 2, "quantity": 1, "create_timestamp": "2022-02-21T15:33:55.086Z", "update_timestamp": "2022-02-21T15:33:55.086Z"}}, {"model": "basketapp.basket", "pk": 13, "fields": {"user": 7, "product": 3, "quantity": 2, "create_timestamp": "2022-02-22T19:50:10.240Z", "update_timestamp": "2022-02-22T19:51:06.995Z"}}, {"model": "basketapp.basket", "pk": 14, "fields": {"user": 7, "product": 1, "quantity": 2, "create_timestamp": "2022-02-22T19:50:28.101Z", "update_timestamp": "2022-02-22T19:51:11.560Z"}}, {"model": "basketapp.basket", "pk": 16, "fields": {"user": 7, "product": 5, "quantity": 1, "create_timestamp": "2022-02-22T19:50:34.400Z", "update_timestamp": "2022-02-22T19:50:34.400Z"}}, {"model": "basketapp.basket", "pk": 54, "fields": {"user": 1, "product": 1, "quantity": 1, "create_timestamp": "2022-03-19T11:32:09.017Z", "update_timestamp": "2022-03-19T11:34:20.212Z"}}, {"model": "ordersapp.order", "pk": 1, "fields": {"user": 1, "created": "2022-02-27T09:31:00.832Z", "updated": "2022-02-27T09:33:31.362Z", "status": "STP", "is_active": true}}, {"model": "ordersapp.order", "pk": 2, "fields": {"user": 1, "created": "2022-02-27T09:49:16.303Z", "updated": "2022-02-27T09:49:16.500Z", "status": "FM", "is_active": false}}, {"model": "ordersapp.order", "pk": 3, "fields": {"user": 1, "created": "2022-02-27T11:20:39.568Z", "updated": "2022-02-27T11:21:58.843Z", "status": "FM", "is_active": false}}, {"model": "ordersapp.order", "pk": 4, "fields": {"user": 1, "created": "2022-02-27T11:30:58.891Z", "updated": "2022-02-27T12:11:03.186Z", "status": "FM", "is_active": false}}, {"model": "ordersapp.order", "pk": 5, "fields": {"user": 1, "created": "2022-02-27T11:32:07.532Z", "updated": "2022-03-20T07:27:36.106Z", "status": "FM", "is_active": true}}, {"model": "ordersapp.order", "pk": 6, "fields": {"user": 1, "created": "2022-02-27T11:37:56.878Z", "updated": "2022-03-07T12:56:00.905Z", "status": "FM", "is_active": false}}, {"model": "ordersapp.order", "pk": 7, "fields": {"user": 1, "created": "2022-03-01T19:33:50.547Z", "updated": "2022-03-01T19:34:30.636Z", "status": "FM", "is_active": false}}, {"model": "ordersapp.order", "pk": 8, "fields": {"user": 1, "created": "2022-03-01T19:46:43.987Z", "updated": "2022-03-07T12:55:45.287Z", "status": "FM", "is_active": false}}, {"model": "ordersapp.order", "pk": 9, "fields": {"user": 1, "created": "2022-03-01T19:47:28.389Z", "updated": "2022-03-02T18:36:45.992Z", "status": "FM", "is_active": false}}, {"model": "ordersapp.order", "pk": 10, "fields": {"user": 1, "created": "2022-03-01T19:52:46.638Z", "updated": "2022-03-01T19:53:36.618Z", "status": "FM", "is_active": false}}, {"model": "ordersapp.order", "pk": 11, "fields": {"user": 1, "created": "2022-03-01T20:03:11.320Z", "updated": "2022-03-01T20:05:18.506Z", "status": "FM", "is_active": false}}, {"model": "ordersapp.order", "pk": 12, "fields": {"user": 1, "created": "2022-03-01T20:04:43.595Z", "updated": "2022-03-01T20:05:12.517Z", "status": "FM", "is_active": false}}, {"model": "ordersapp.order", "pk": 13, "fields": {"user": 1, "created": "2022-03-01T20:12:59.547Z", "updated": "2022-03-02T18:36:38.259Z", "status": "FM", "is_active": false}}, {"model": "ordersapp.order", "pk": 14, "fields": {"user": 1, "created": "2022-03-01T20:15:22.153Z", "updated": "2022-03-02T18:36:32.835Z", "status": "FM", "is_active": false}}, {"model": "ordersapp.order", "pk": 15, "fields": {"user": 1, "created": "2022-03-02T18:36:08.267Z", "updated": "2022-03-02T18:36:27.904Z", "status": "FM", "is_active": false}}, {"model": "ordersapp.order", "pk": 16, "fields": {"user": 1, "created": "2022-03-02T18:38:13.375Z", "updated": "2022-03-06T15:45:04.167Z", "status": "FM", "is_active": false}}, {"model": "ordersapp.order", "pk": 17, "fields": {"user": 1, "created": "2022-03-02T18:45:36.465Z", "updated": "2022-03-06T15:44:39.547Z", "status": "FM", "is_active": false}}, {"model": "ordersapp.order", "pk": 18, "fields": {"user": 1, "created": "2022-03-03T18:12:56.620Z", "updated": "2022-03-03T18:13:57.112Z", "status": "FM", "is_active": false}}, {"model": "ordersapp.order", "pk": 19, "fields": {"user": 1, "created": "2022-03-06T15:44:02.118Z", "updated": "2022-03-06T15:44:32.401Z", "status": "FM", "is_active": false}}, {"model": "ordersapp.order", "pk": 20, "fields": {"user": 1, "created": "2022-03-06T15:46:20.444Z", "updated": "2022-03-07T12:55:42.074Z", "status": "FM", "is_active": false}}, {"model": "ordersapp.order", "pk": 21, "fields": {"user": 1, "created": "2022-03-06T15:46:36.902Z", "updated": "2022-03-07T12:55:38.741Z", "status": "FM", "is_active": false}}, {"model": "ordersapp.order", "pk": 22, "fields": {"user": 1, "created": "2022-03-06T15:48:58.762Z", "updated": "2022-03-07T12:55:35.073Z", "status": "FM", "is_active": false}}, {"model": "ordersapp.order", "pk": 23, "fields": {"user": 1, "created": "2022-03-06T15:49:48.056Z", "updated": "2022-03-07T12:55:31.640Z", "status": "FM", "is_active": false}}, {"model": "ordersapp.order", "pk": 24, "fields": {"user": 1, "created": "2022-03-06T15:52:16.348Z", "updated": "2022-03-07T12:55:28.017Z", "status": "FM", "is_active": false}}, {"model": "ordersapp.order", "pk": 25, "fields": {"user": 1, "created": "2022-03-06T15:59:34.731Z", "updated": "2022-03-06T16:18:51.045Z", "status": "FM", "is_active": false}}, {"model": "ordersapp.order", "pk": 26, "fields": {"user": 1, "created": "2022-03-06T16:09:22.149Z", "updated": "2022-03-06T16:18:32.669Z", "status": "FM", "is_active": false}}, {"model": "ordersapp.order", "pk": 27, "fields": {"user": 1, "created": "2022-03-06T17:08:40.193Z", "updated": "2022-03-07T12:55:24.872Z", "status": "FM", "is_active": false}}, {"model": "ordersapp.order", "pk": 28, "fields": {"user": 1, "created": "2022-03-07T12:55:00.758Z", "updated": "2022-03-07T12:55:21.152Z", "status": "FM", "is_active": false}}, {"model": "ordersapp.orderitem", "pk": 1, "fields": {"order": 1, "product": 4, "quantity": 2}}, {"model": "ordersapp.orderitem", "pk": 3, "fields": {"order": 1, "product": 3, "quantity": 1}}, {"model": "ordersapp.orderitem", "pk": 4, "fields": {"order": 3, "product": 1, "quantity": 5}}, {"model": "ordersapp.orderitem", "pk": 5, "fields": {"order": 4, "product": 4, "quantity": 1}}, {"model": "ordersapp.orderitem", "pk": 6, "fields": {"order": 4, "product": 5, "quantity": 1}}, {"model": "ordersapp.orderitem", "pk": 8, "fields": {"order": 6, "product": 7, "quantity": 2}}, {"model": "ordersapp.orderitem", "pk": 9, "fields": {"order": 7, "product": 5, "quantity": 0}}, {"model": "ordersapp.orderitem", "pk": 10, "fields": {"order": 7, "product": 1, "quantity": 5}}, {"model": "ordersapp.orderitem", "pk": 11, "fields": {"order": 8, "product": 1, "quantity": 2}}, {"model": "ordersapp.orderitem", "pk": 12, "fields": {"order": 9, "product": 1, "quantity": 2}}, {"model": "ordersapp.orderitem", "pk": 13, "fields": {"order": 10, "product": 1, "quantity": 3}}, {"model": "ordersapp.orderitem", "pk": 14, "fields": {"order": 11, "product": 1, "quantity": 2}}, {"model": "ordersapp.orderitem", "pk": 15, "fields": {"order": 12, "product": 1, "quantity": 5}}, {"model": "ordersapp.orderitem", "pk": 16, "fields": {"order": 12, "product": 2, "quantity": 1}}, {"model": "ordersapp.orderitem", "pk": 17, "fields": {"order": 13, "product": 1, "quantity": 1}}, {"model": "ordersapp.orderitem", "pk": 18, "fields": {"order": 14, "product": 1, "quantity": 1}}, {"model": "ordersapp.orderitem", "pk": 19, "fields": {"order": 15, "product": 1, "quantity": 1}}, {"model": "ordersapp.orderitem", "pk": 20, "fields": {"order": 16, "product": 1, "quantity": 1}}, {"model": "ordersapp.orderitem", "pk": 21, "fields": {"order": 17, "product": 1, "quantity": 1}}, {"model": "ordersapp.orderitem", "pk": 22, "fields": {"order": 18, "product": 1, "quantity": 1}}, {"model": "ordersapp.orderitem", "pk": 23, "fields": {"order": 19, "product": 1, "quantity": 1}}, {"model": "ordersapp.orderitem", "pk": 24, "fields": {"order": 20, "product": 1, "quantity": 1}}, {"model": "ordersapp.orderitem", "pk": 25, "fields": {"order": 21, "product": 1, "quantity": 1}}, {"model": "ordersapp.orderitem", "pk": 26, "fields": {"order": 22, "product": 1, "quantity": 1}}, {"model": "ordersapp.orderitem", "pk": 27, "fields": {"order": 23, "product": 1, "quantity": 1}}, {"model": "ordersapp.orderitem", "pk": 28, "fields": {"order": 24, "product": 1, "quantity": 2}}, {"model": "ordersapp.orderitem", "pk": 29, "fields": {"order": 25, "product": 1, "quantity": 1}}, {"model": "ordersapp.orderitem", "pk": 30, "fields": {"order": 26, "product": 1, "quantity": 1}}, {"model": "ordersapp.orderitem", "pk": 31, "fields": {"order": 27, "product": 1, "quantity": 3}}, {"model": "ordersapp.orderitem", "pk": 32, "fields": {"order": 28, "product": 1, "quantity": 2}}, {"model": "ordersapp.orderitem", "pk": 39, "fields": {"order": 5, "product": 4, "quantity": 2}}, {"model": "ordersapp.orderitem", "pk": 40, "fields": {"order": 5, "product": 2, "quantity": 1}}]